{"cameraMode":{"drawMode":0,"name":"Shaded","section":"Shading Mode"},"sceneLighting":false,"audioPlay":false,"sceneViewState":{"showFog":true,"showMaterialUpdate":false,"showSkybox":false,"showFlares":true,"showImageEffects":true,"showParticleSystems":true},"in2DMode":false,"pivot":{"x":68.81199645996094,"y":2.891274929046631,"z":0.5386170744895935},"rotation":{"x":-0.03277796506881714,"y":0.7431809902191162,"z":-0.03548460826277733,"w":-0.6677315831184387},"size":3.168203353881836,"orthographic":false}