{"cameraMode":{"drawMode":0,"name":"Shaded","section":"Shading Mode"},"sceneLighting":false,"audioPlay":false,"sceneViewState":{"showFog":true,"showMaterialUpdate":false,"showSkybox":false,"showFlares":true,"showImageEffects":true,"showParticleSystems":true},"in2DMode":false,"pivot":{"x":68.4557113647461,"y":7.801441669464111,"z":17.74938201904297},"rotation":{"x":0.0030377651564776899,"y":0.9626626372337341,"z":-0.27141743898391726,"w":0.011609343811869622},"size":2.6669812202453615,"orthographic":false}